User Case ID,Module,Page/Section/Area,Functionality,Permission scope,Roles,Status at release (Affected/Unaffected),Developer Testing (Passing/Failing),End-User Testing (Passing/Failing),Comments (Progress/Problems/Blockers),End-User Comments
1,HR,HRM Resources Control Panel,Create new employees,,,Affected,Passing,Passing,Enhancement #351 is implemeneted,
2,HR,HRM Resources Control Panel,Filter Employee,,,Affected,Passing,Passing,Enhancement #362 is implemented  implemented,
3,HR,HRM Resources Control Panel,Reset filter,,,Affected,Passing,Passing,,
4,HR,HRM Resources Control Panel,Specify opening pensions for a new employee,,,Affected,Passing,Passing,,
5,HR,HRM Resources Control Panel,Select multiple employees for an operation,,,Affected,Passing,Passing,,
6,HR,HRM Resources Control Panel,Delete a selection of employees,,,Affected,Passing,,,
7,HR,HRM Resources Control Panel,Employee management,,,Affected,Passing,Passing,,
8,HR,HRM Resources Control Panel,Navigate to Salary Config of a specific employee,,,Affected,Passing,Passing,,
9,HR,HRM Resources Control Panel,Payroll Administration,,,Affected,Passing,,"Works only for individual employees at the moment. Enhancement #370 due on 11th February, but this may change.",
10,HR,HRM Resources Control Panel : Attandance,Attendance Administration,,,Affected,Passing,Passing,Bug fix #359 is implemented.,
11,HR,HRM Resources Control Panel : Attandance,Mark attandance P,,,Affected,Passing,Passing,,
12,HR,HRM Resources Control Panel : Attandance,Mark attandance A,,,Affected,Passing,Passing,,
13,HR,HRM Resources Control Panel : Attandance,Add time,,,Affected,Passing,Passing,,
14,HR,HRM Resources Control Panel,Reconfigure salary for selected employees,,,Affected,Passing,Passing,Bug fix #361 is implemented,
15,HR,HRM Resources Control Panel,Specify fixed amount as new salary,,,Affected,Passing,Passing,,
16,HR,HRM Resources Control Panel,Pension Profits Administration,,,Affected,N/A,,Was only approved in last week of milestone. Not enough time to develop. Proposal pending for this.,
17,HR,HRM Resources Control Panel,Increment salaries by a percentage,,,Affected,Passing,Passing,,
18,HR,HRM Resources Control Panel,Decrement salaries by a percentage,,,Affected,Passing,Passing,,
19,HR,HRM Resources Control Panel,Employee Attendance page,,,Affected,Passing,Passing,,
20,HR,HRM Resources Control Panel,Administer global pension profits for a month,,,Affected,N/A,,Was only approved in last week of milestone. Not enough time to develop. Proposal pending for this.,
21,HR,HRM Resources Control Panel,Bulk Users Creation for employees,,,Affected,Passing,Passing,This was requested in the middle of the milestone. Enhacement #369 is implemented.,
22,HR,Employee Control Panel,Viewing employee details,,,Affected,Passing,Passing,,
23,HR,Employee Contorl Panel,Edit employee details,,,Affected,Passing,Passing,"Bug#401 is fixed, bug 413 is fixed.",it is fixed
24,HR,Employee Control Panel : Attandance,Select attendance month,,,Affected,Passing,Passing,,
25,HR,Employee Control Panel : Attandance,Edit attendance for specific date,,,Affected,Passing,Passing,,
26,HR,Employee Control Panel : Leave Management,Assign leave type hours to employee,,,Affected,Passing,Passing,,
27,HR,Employee Control Panel : Leave Management,Add application for a leave type,,,Affected,Passing,Passing,,
28,HR,Employee Control Panel : Leave Management,See days of a leave application,,,Affected,Passing,Passing,,
29,HR,Employee Control Panel : Leave Management,Approve leave application,,,Affected,Passing,Passing,,
30,HR,Employee Control Panel : Leave Management,Reject leave application,,,Affected,Passing,Passing,,
31,HR,Employee Control Panel : Leave Management,Generate PDF document for leave balances,,,Affected,Passing,,Delayed due to new urgent changes & fixes bring prioritized. Bug #345 due on 11th February,
32,HR,Employee Control Panel : Contract,View all contracts,,,Affected,Passing,Passing,,
33,HR,Employee Control Panel : Contract,Add new contract,,,Affected,Passing,Passing,Enhancement #364 is implemented,
34,HR,Employee Control Panel : Contract,Generate and download contract PDF document,,,Unaffected,Passing,,,The contract export format is not according the provided contarct by CHA
35,HR,Employee Control Panel : Tax Report,View Taxes accumulated for the selected financial year,,,Affected,Passing,Passing,,
36,HR,Employee Control Panel : Tax Report,Consolidate taxes to selected currency,,,Affected,Failing,,,
37,HR,Employee Control Panel : Tax Report,Create tax report PDF document,,,Affected,Passing,,Bug#360 is fixed. Enhancement #414 is implemented.,
38,HR,Employee Control Panel : Pension Report,View pensions accumulation report for the selected financial yea,,,Affected,Passing,Passing,,
39,HR,Employee Control Panel : Pension Report,Consolidate pensions to selected currency,,,Affected,Failing,,,
40,HR,Employee Control Panel : Pension Report,Create pensions report PDF document,,,Affected,Failing,,Bug fix #360 due on 11th February,
41,HR,Employee Control Panel : Salary Configuration & Administration,View current salary configuration,,,Affected,Passing,Passing,,
42,HR,Employee Control Panel : Salary Configuration & Administration,Reconfigure salary configuration,,,Affected,Passing,Passing,,
43,HR,Employee Control Panel : Salary Configuration & Administration,Increment active base salary by a percentage,,,Affected,Passing,Passing,,
44,HR,Employee Control Panel : Salary Configuration & Administration,Decrement active base salary by a percentage,,,Affected,Passing,Passing,,
45,HR,Employee Control Panel : Salary Configuration & Administration,View payroll salary breakdown for a given month,,,Affected,Passing,,Bug fix 358 is implemneted,
46,HR,Employee Control Panel : Salary Configuration & Administration,View accumulated salary components,,,Affected,Passing,Passing,,
47,HR,Employee Control Panel : Salary Configuration & Administration,View bonuses and fines for that month,,,Affected,Passing,Passing,,
48,HR,Employee Control Panel : Salary Configuration & Administration,Add a bonus for the given month,,,Affected,Passing,Passing,,
49,HR,Employee Control Panel : Salary Configuration & Administration,Delete a bonus for the given month,,,Affected,Passing,Passing,,
50,HR,Employee Control Panel : Salary Configuration & Administration,Add a fine for the given month,,,Affected,Passing,Passing,,
51,HR,Employee Control Panel : Salary Configuration & Administration,Delete a fine for the given month,,,Affected,Passing,Passing,,
52,HR,Employee Control Panel : Salary Configuration & Administration,Add advance recovery for the given month,,,Affected,Passing,Passing,,
53,HR,Employee Control Panel : Salary Configuration & Administration,Approve month salary,,,Affected,Passing,Passing,,
54,HR,Employee Control Panel : Salary Configuration & Administration,Revoke approved salary,,,Affected,Passing,Passing,,
55,HR,Employee Control Panel : Salary Configuration & Administration,Select salary month,,,Affected,Passing,Passing,,
56,HR,Employee Control Panel : Salary Configuration & Administration,Generate PDF document for salary slip,,,Affected,N/A,,Delayed due to new urgent changes & fixes bring prioritized. Enhancement #228 due on 11th February,
57,HR,Employee Control Panel : Advances,View all existing advance applications,,,Affected,Passing,Passing,Bug #410 is fixed.,it is fixed
58,HR,Employee Control Panel : Advances,Add a new advance application,,,Affected,Passing,Passing,,
59,HR,Employee Control Panel : Advances,Approve an advance application,,,Affected,Passing,Passing,,
60,HR,Employee Control Panel : Advances,Reject an advance application,,,Affected,Passing,Passing,,
61,HR,Employee Control Panel : Advances,See recovery history for an advance application,,,Affected,Passing,Passing,,
62,HR,Employee Control Panel : Resignations & Exit Interview,Resign & submit exit interview for the employee,,,Affected,Passing,Passing,,
63,HR,Employee Control Panel : Resignations & Exit Interview,Revoke resignation,,,Affected,Passing,Passing,,
64,HR,Employee Control Panel : Resignations & Exit Interview,Rehire resigned employee,,,Affected,Passing,Passing,,
65,HR,Employee Control Panel : Resignations & Exit Interview,Edit and save changes to current resignation exit interview form,,,Affected,Passing,Passing,,
66,HR,Employee Control Panel : Opening Pension,View all opening pensions,,,Affected,Passing,Passing,,
67,HR,Employee Control Panel : Opening Pension,Add opening pension for new currency,,,Affected,Passing,Passing,,
68,HR,Employee Control Panel : Opening Pension,Edit an opening pension,,,Affected,Passing,Passing,,
69,HR,Employee Control Panel : Opening Pension,Delete an opening pension,,,Affected,Passing,Passing,,
70,HR,Employee Control Panel : Analytical Info,View analytical info report,,,Affected,Passing,,Delayed due to new urgent changes & fixes bring prioritized. Enhancement #354 is impelemnted,
71,HR,Employee Control Panel : Appraisals,View all appraisal applications,,,Affected,Passing,,Delayed due to new urgent changes & fixes bring prioritized. Enhancement #353 is implemented,
72,HR,Employee Control Panel : Appraisals,Add a new appraisal application,,,Affected,Passing,,Delayed due to new urgent changes & fixes bring prioritized. Enhancement #353 is implemented. bug#405 is fixed. Bug #398 is fixed.,"Second step is fixed, but the first one is not working "
73,HR,Employee Control Panel : Appraisals,View appraisal application evaluation form,,,Affected,Passing,,Delayed due to new urgent changes & fixes bring prioritized. Enhancement #353 is implemented,
74,HR,Employee Control Panel : Appraisals,Approve appraisal application,,,Affected,Passing,,Delayed due to new urgent changes & fixes bring prioritized. Enhancement #353 is implemented,
75,HR,Employee Control Panel : Appraisals,Reject appraisal application,,,Affected,Passing,,Delayed due to new urgent changes & fixes bring prioritized. Enhancement #353 is implemented,
76,HR,Employee Control Panel : Appraisals,Generate PDF export for appraisal,,,Affected,N/A,,Delayed due to new urgent changes & fixes bring prioritized. Enhancement #353 is implemented,
77,HR,Employee Control Panel,Terminate an employee,,,Affected,Passing,Passing,Enhancement #352 is implemented.,
78,HR,Employee Control Panel,Delete Employee,,,Affected,Passing,Passing,Enhancement #366 is implemented,
79,HR,Employee Control Panel,Salary Reconfiguration,,,Affected,Passing,Passing,,
80,HR,Employee Control Panel,Edit employee details,,,Affected,Passing,Passing,,
81,HR,Employee Control Panel,View audit event logs,,,Affected,Passing,Passing,Enhancement #356 is implemented,
82,HR,Employee Control Panel,Add history entries (of any type),,,Unaffected,Passing,Passing,,
83,HR,Employee Control Panel,Delete history entries (of any type),,,Unaffected,Passing,Passing,,
84,HR,Employee Control Panel : History,Employee history management,,,Unaffected,Passing,Passing,,
85,HR,Employee Control Panel : History,Add history,,,Unaffected,Passing,Passing,,
86,HR,Employee Control Panel : History,Delete history,,,Unaffected,Passing,Passing,,
87,HR,Employee Control Panel :  History : Eduaction,Education,,,Unaffected,Passing,Passing,,
88,HR,Employee Control Panel :  History : Eduaction,Add education,,,Unaffected,Passing,Passing,,
89,HR,Employee Control Panel :  History : Eduaction,Delete education,,,Unaffected,Passing,Passing,,
90,HR,Employee Control Panel : History : History outside of country,Employment History Outside of Country,,,Unaffected,Passing,Passing,,
91,HR,Employee Control Panel : History : History outside of country,Add employment history outside of country,,,Unaffected,Passing,Passing,,
92,HR,Employee Control Panel : History : History outside of country,Delete employment history outside of country,,,Unaffected,Passing,Passing,,
93,HR,Employee Control Panel : History : Employment history outside of organization,Employment History Outside of Organization,,,Unaffected,Passing,Passing,,
94,HR,Employee Control Panel : History : Employment history outside of organization,Add employment history outside of organization,,,Unaffected,Passing,Passing,,
95,HR,Employee Control Panel : History : Employment history outside of organization,Delete employment history outside of organization,,,Unaffected,Passing,Passing,,
96,HR,Employee Control Panel : History : Information regarding close relatives,Information Regarding Close Relatives,,,Unaffected,Passing,Passing,,
97,HR,Employee Control Panel : History : Information regarding close relatives,Delete information regarding close relatives,,,Unaffected,Passing,Passing,,
98,HR,Employee Control Panel : History : Information regarding close relatives,Add information regarding close relatives,,,Unaffected,Passing,Passing,,
99,HR,Employee Control Panel : History : Information about Three References Other Than Relatives,Information about Three References Other Than Relatives,,,Unaffected,Passing,Passing,,
100,HR,Employee Control Panel : History : Information about Three References Other Than Relatives,Add information about three references other than relatives,,,Unaffected,Passing,Passing,,
101,HR,Employee Control Panel : History : Information about Three References Other Than Relatives,Delete information about three references other than relatives,,,Unaffected,Passing,Passing,,
102,HR,Employee Control Panel : History : Other skills,Other Skills,,,Unaffected,Passing,Passing,,
103,HR,Employee Control Panel : History : Other skills,Add other skills,,,Unaffected,Passing,Passing,,
104,HR,Employee Control Panel : History : Other skills,Delete other skills,,,Unaffected,Passing,Passing,,
105,HR,Employee Control Panel : History : Salary budget,Salary Budget,,,Unaffected,Passing,Passing,,
106,HR,Employee Control Panel : History : Salary budget,Add salary budget,,,Unaffected,Passing,Passing,,
107,HR,Employee Control Panel : History : Salary budget,Delete Salary budget,,,Unaffected,Passing,Passing,,
108,HR,Employee Control Panel : History : Languages Employee Can Speak,Languages Employee Can Speak,,,Unaffected,Passing,Passing,,
109,HR,Employee Control Panel : History : Languages Employee Can Speak,Add Language,,,Unaffected,Passing,Passing,,
110,HR,Employee Control Panel : History : Languages Employee Can Speak,Delete Language,,,Unaffected,Passing,Passing,,
111,HR,Employee Control Panel : Health,View all employee health details,,,Unaffected,N/A,,,
112,HR,Employee Control Panel : Health,Edit employee health details,,,Unaffected,N/A,,,
113,HR,Education Degree Configuration Control Panel,View all education degrees,,,Unaffected,Passing,Passing,,
114,HR,Education Degree Configuration Control Panel,Add new education degree,,,Unaffected,Passing,Passing,,
115,HR,Education Degree Configuration Control Panel,Edit an existing education degree,,,Unaffected,Passing,Passing,,
116,HR,Education Degree Configuration Control Panel,Delete an education degree,,,Unaffected,Passing,Passing,,
117,HR,Job Grade Configuration Control Panel,View all job grades,,,Affected,Passing,Passing,Enhancement #179 is implemented.,
118,HR,Job Grade Configuration Control Panel,Add a new job grade,,,Affected,Passing,Passing,,
119,HR,Job Grade Configuration Control Panel,Edit an existing job grade,,,Affected,Passing,Passing,,
120,HR,Job Grade Configuration Control Panel,Delete an existing job grade,,,Affected,Passing,Passing,,
121,HR,Profession Configuration Control Panel,View all professions,,,Unaffected,Passing,Passing,,
122,HR,Profession Configuration Control Panel,Add a new profession,,,Unaffected,Passing,Passing,Bug fix #350 is implemented.,
123,HR,Profession Configuration Control Panel,Edit an existing profession,,,Unaffected,Passing,Passing,,
124,HR,Profession Configuration Control Panel,Delete an existing profession,,,Unaffected,Passing,Passing,,
125,HR,Qualification Configuration Control Panel,View all qualifications,,,Unaffected,Passing,Passing,,
126,HR,Qualification Configuration Control Panel,Add a new qualification,,,Unaffected,Passing,Passing,,
127,HR,Qualification Configuration Control Panel,Edit an existing qualification,,,Unaffected,Passing,Passing,,
128,HR,Qualification Configuration Control Panel,Delete an existing qualification,,,Unaffected,Passing,Passing,,
129,HR,Rating Based Criteria Qestion Configuration Control Panel,View all rating based criteria questions,,,Unaffected,Passing,Passing,,
130,HR,Rating Based Criteria Qestion Configuration Control Panel,Add a new rating based criteria question,,,Unaffected,Passing,Passing,,
131,HR,Rating Based Criteria Qestion Configuration Control Panel,Edit an existing rating based criteria question,,,Unaffected,Passing,Passing,,
132,HR,Rating Based Criteria Qestion Configuration Control Panel,Delete an existing rating based criteria question,,,Unaffected,Passing,Passing,,
133,HR,Exit Interview Question Configuration Control Panel,View all exit interview questions,,,Unaffected,Passing,Passing,,
134,HR,Exit Interview Question Configuration Control Panel,Add a new exit interview question,,,Affected,Passing,Passing,,
135,HR,Exit Interview Question Configuration Control Panel,Edit an existing exit interview question,,,Affected,Passing,Passing,,
136,HR,Exit Interview Question Configuration Control Panel,Delete an existing exit interview question,,,Affected,Passing,Passing,,
137,HR,Leave Type Configuration Control Panel,View all leave types,,,Affected,Passing,Passing,,
138,HR,Leave Type Configuration Control Panel,Add a new leave type,,,Affected,Passing,Passing,,
139,HR,Leave Type Configuration Control Panel,Edit an existing leave type,,,Affected,Passing,Passing,,
140,HR,Leave Type Configuration Control Panel,Delete an existing leave type,,,Affected,Passing,Passing,,
141,HR,Current Global Pension Rate Value Configuration Control Panel,View the current global pension rate value,,,Affected,Passing,Passing,,
142,HR,Current Global Pension Rate Value Configuration Control Panel,Edit the current global pension rate value,,,Affected,Passing,Passing,,
143,HR,Salary Bonus & Fine Type Configuration Control Panel,View all salary bonus and fine types (salary heads),,,Affected,Passing,Passing,,
144,HR,Salary Bonus & Fine Type Configuration Control Panel,Add a new bonus type,,,Affected,Passing,Passing,,
145,HR,Salary Bonus & Fine Type Configuration Control Panel,Add a new fine type,,,Affected,Passing,Passing,,
146,HR,Salary Bonus & Fine Type Configuration Control Panel,Edit an existing bonus type,,,Affected,Passing,Passing,,
147,HR,Salary Bonus & Fine Type Configuration Control Panel,Edit an existing fine type,,,Affected,Passing,Passing,,
148,HR,Salary Bonus & Fine Type Configuration Control Panel,Delete an existing bonus type,,,Affected,Passing,Passing,,
149,HR,Salary Bonus & Fine Type Configuration Control Panel,Delete an existing fine type,,,Affected,Passing,Passing,,
150,HR,Current Salary Tax Report Content Values Configuration Control Panel,View current salary tax report content values,,,Affected,Passing,Passing,,
151,HR,Current Salary Tax Report Content Values Configuration Control Panel,Edit the current salary tax report content values,,,Affected,Passing,Passing,,
152,HR,Office Configuration Control Panel,View all offices,,,Affected,Passing,Passing,,
153,HR,Office Configuration Control Panel,Add a new office,,,Affected,Passing,Passing,,
154,HR,Office Configuration Control Panel,Add a new department to an office,,,Affected,Passing,Passing,Enhancement #357 is implemented,
155,HR,Office Configuration Control Panel,View all departments of an office,,,Affected,Passing,Passing,,
156,HR,Office Configuration Control Panel,Edit an existing office,,,Affected,Passing,Passing,,
157,HR,Office Configuration Control Panel,Delete an existing office,,,Affected,Passing,Passing,,
158,HR,Office Configuration Control Panel,Edit an existing department,,,Affected,Passing,Passing,,
159,HR,Office Configuration Control Panel,Delete an existing department,,,Affected,Passing,Passing,,
160,HR,Attandance Groug Configuration Control Panel,View all attendance groups,,,Affected,Passing,Passing,,
161,HR,Attandance Groug Configuration Control Panel,Add a new attendance group,,,Affected,Passing,Passing,,
162,HR,Attandance Groug Configuration Control Panel,Add payroll daily hours for a single office in an attendance group,,,Affected,Passing,Passing,,
163,HR,Attandance Groug Configuration Control Panel,Add payroll daily hours for all offices in an attendance group,,,Affected,Passing,Passing,Enhancement #347 is implemented,
164,HR,Attandance Groug Configuration Control Panel,Edit an existing attendance group,,,Affected,Passing,Passing,,
165,HR,Attandance Groug Configuration Control Panel,Edit existing payroll daily hours in an attendance group,,,Affected,Passing,Passing,,
166,HR,Designation Configuration Control Panel,View all designations,,,Affected,Passing,Passing,,
167,HR,Designation Configuration Control Panel,Add a new designation,,,Affected,Passing,Passing,,
168,HR,Designation Configuration Control Panel,Add a new technical question to a designation,,,Affected,Passing,Passing,,
169,HR,Designation Configuration Control Panel,Edit an existing designation,,,Affected,Passing,Passing,,
170,HR,Designation Configuration Control Panel,Edit existing questions in a designation,,,Affected,Passing,Passing,,
171,HR,Designation Configuration Control Panel,Delete an existing designation,,,Affected,Passing,Passing,,
172,HR,Designation Configuration Control Panel,Delete existing questions in a designation,,,Affected,Passing,Passing,,
173,HR,Permanent Contract Clauses Configuration Control Panel,View permanent contract clauses,,,Affected,Passing,Passing,Enhancement #365 is implemented,
174,HR,Permanent Contract Clauses Configuration Control Panel,Edit permanent contract clauses,,,Affected,Passing,Passing,Enhancement #365 is implemented,
175,HR,Part-Time Contract Clauses Configuration Control Panel,View part-time contract clauses,,,Affected,Passing,Passing,Enhancement #365 is implemented,
176,HR,Part-Time Contract Clauses Configuration Control Panel,Edit part-time contract clauses,,,Affected,Passing,Passing,Enhancement #365 is implemented,
177,HR,Probationary Contract Clauses Configuration Control Panel,View probationary contract clauses,,,Affected,Passing,Passing,Enhancement #365 is implemented,
178,HR,Probationary Contract Clauses Configuration Control Panel,Edit probationary contract clauses,,,Affected,Passing,Passing,Enhancement #365 is implemented,
179,HR,Current Days Of The Weekend Configuration Control Panel,View the current days of the weekend,,,Unaffected,Passing,Passing,,
180,HR,Current Days Of The Weekend Configuration Control Panel,Edit the days of the weekend,,,Unaffected,Passing,Passing,Bug#400 is done.,
181,HR,Holidays Configuration Control Panel,View all holidays,,,Affected,Passing,Passing,,
182,HR,Holidays Configuration Control Panel,Add a new holiday,,,Affected,Passing,Passing,,
183,HR,Holidays Configuration Control Panel,Edit an existing holiday,,,Affected,Passing,Passing,,
184,HR,Holidays Configuration Control Panel,Delete an existing holiday,,,Affected,Passing,Passing,,
185,PMU,Hiring Operations Control Panel,Add new hiring request,,,Unaffected,Passing,Passing,,
186,PMU,Hiring Operations Control Panel,View all active hiring requests,,,Unaffected,Passing,,,
187,PMU,Hiring Operations Control Panel,View all archived hiring requests,,,Unaffected,Passing,,,
188,PMU,Hiring Operations Control Panel,Close a selection of hiring requests,,,Unaffected,Passing,,,
189,PMU,Hiring Operations Control Panel,Complete a selection of hiring requests,,,Unaffected,Passing,,,
190,PMU,Hiring Request Control Panel,View all metadata reference of hiring request,,,Unaffected,Passing,,,
191,PMU,Hiring Request Control Panel,Edit hiring request,,,Unaffected,Passing,,,
192,PMU,Hiring Request Control Panel,Complete hiring request,,,Unaffected,Passing,,,
193,PMU,Hiring Request Control Panel,Close hiring request,,,Unaffected,Passing,,,
194,PMU,Hiring Request Control Panel,Create PDF export for hiring request,,,Unaffected,Passing,,,
195,PMU,Hiring Request Control Panel : New Candidates Control Pane,Add new candidate for hiring request,,,Unaffected,Passing,,Bug #371 is fixed.,
196,PMU,Hiring Request Control Panel : New Candidates Control Pane,View all candidates for hiring request,,,Unaffected,Passing,,,
197,PMU,Hiring Request Control Panel : New Candidates Control Pane,Filter new candidates based on status,,,Unaffected,Passing,,,
198,PMU,Hiring Request Control Panel : New Candidates Control Pane,Edit a candidate for a hiring request,,,Unaffected,Passing,,,
199,PMU,Hiring Request Control Panel : New Candidates Control Pane,Create PDF export for shortlisted candidates,,,Unaffected,Passing,,,
200,PMU,Hiring Request Control Panel : New Candidates Control Pane,Reject a candidate,,,Unaffected,Passing,,,
201,PMU,Hiring Request Control Panel : New Candidates Control Pane,Shortlist a candidate,,,Unaffected,Passing,,,
202,PMU,Hiring Request Control Panel : New Candidates Control Pane,Interview a shortlisted candidate,,,Unaffected,Passing,,,
203,PMU,Hiring Request Control Panel : New Candidates Control Pane,Select an interviewed candidate,,,Unaffected,Passing,,,
204,PMU,Hiring Request Control Panel : New Candidates Control Pane,View interview details of an interviewed candidate,,,Unaffected,Passing,,,
205,PMU,Hiring Request Control Panel : Existing Employees Control Pane,Add new existing employee for hiring request,,,Affected,Passing,,,
206,PMU,Hiring Request Control Panel : Existing Employees Control Pane,Reject an existing employee for hiring request,,,Unaffected,Passing,,,
207,PMU,Hiring Request Control Panel : Existing Employees Control Pane,Select an existing employee for hiring request,,,Affected,Passing,,Enhancement #179 is implemented.,
208,PMU,Hiring Request Control Panel : Existing Employees Control Pane,View all existing employees for hiring request,,,Unaffected,Passing,,,
209,PMU,Hiring Request Control Panel : New Candidate Interview Form,Save a new interview,,,Affected,Passing,,,
210,PMU,Hiring Request Control Panel : New Candidate Interview Form,Edit an existing interview,,,Affected,Passing,,,
211,PMU,Hiring Request Control Panel : New Candidate Interview Form,Provide answers to Rating Based Criteria questions,,,Unaffected,Passing,,,
212,PMU,Hiring Request Control Panel : New Candidate Interview Form,Provide answers to Technical Questions,,,Affected,Passing,,Enhancement #229 due on 11th February,
213,PMU,Hiring Request Control Panel : New Candidate Interview Form,Add languages,,,Unaffected,Passing,,,
214,PMU,Hiring Request Control Panel : New Candidate Interview Form,View all languages,,,Unaffected,Passing,,,
215,PMU,Hiring Request Control Panel : New Candidate Interview Form,Delete a language,,,Unaffected,Passing,,,
216,PMU,Hiring Request Control Panel : New Candidate Interview Form,Add training,,,Unaffected,Passing,,,
217,PMU,Hiring Request Control Panel : New Candidate Interview Form,View all trainings,,,Unaffected,Passing,,,
218,PMU,Hiring Request Control Panel : New Candidate Interview Form,Delete a training,,,Unaffected,Passing,,,
219,PMU,Hiring Request Control Panel : New Candidate Interview Form,Add interviewer,,,Unaffected,Passing,,,
220,PMU,Hiring Request Control Panel : New Candidate Interview Form,Delete interviewer,,,Unaffected,Passing,,,
221,PMU,Hiring Request Control Panel : New Candidate Interview Form,Create PDF export for an existing interview,,,Unaffected,Passing,,,
222,PMU,Logistic Operations Control Panel,Add new logistics request,,,Unaffected,Passing,,Enhancement #180 & #171 had been requested but they are currently low priority and some of the changes requested are very conflicting with other existing  requirements so those need to be sorted out through a proposal before they can be developed.,
223,PMU,Logistic Operations Control Panel,View all logistics request,,,Unaffected,Passing,,,
224,PMU,Logistics Request Control Panel,Edit request,,,Unaffected,Passing,,,
225,PMU,Logistics Request Control Panel,View all metadata reference,,,Unaffected,Passing,,,
226,PMU,Logistics Request Control Panel,View all requested items,,,Unaffected,Passing,,,
227,PMU,Logistics Request Control Panel,Cancel request,,,Unaffected,Passing,,,
228,PMU,Logistics Request Control Panel,Issue purchase order for request,,,Unaffected,Passing,,,
229,PMU,Logistics Request Control Panel,Issue comparative statement for request,,,Unaffected,Passing,,,
230,PMU,Logistics Request Control Panel,Issue local tender for request,,,Unaffected,Passing,,,
231,PMU,Logistics Request Control Panel,Issue international tender for request,,,Unaffected,Passing,,,
232,PMU,Logistics Request Control Panel : Purchase Order Control Panel,[Logistics] Submit purchases,,,Unaffected,Passing,,,
233,PMU,Logistics Request Control Panel : Purchase Order Control Panel,[Inventory] View submitted purchases,,,Unaffected,Passing,,,
234,PMU,Logistics Request Control Panel : Purchase Order Control Panel,[Inventory] View submitted purchases' documents,,,Unaffected,Passing,,,
235,PMU,Logistics Request Control Panel : Purchase Order Control Panel,[Inventory] Reject submitted purchases,,,Unaffected,Passing,,,
236,PMU,Logistics Request Control Panel : Purchase Order Control Panel,[Inventory] Approve submitted purchases,,,Unaffected,Passing,,,
237,PMU,Logistics Request Control Panel : Purchase Order Control Panel,[Inventory] Create PDF export for goods received note,,,Unaffected,Passing,,,
238,PMU,Logistics Request Control Panel : Purchase Order Control Panel,[Finance] View SIGNED goods received note,,,Unaffected,Passing,,,
239,PMU,Logistics Request Control Panel : Purchase Order Control Panel,[Finance] Reject finance verification for submitted purchases,,,Unaffected,Passing,,,
240,PMU,Logistics Request Control Panel : Purchase Order Control Panel,[Finance] Approve finance verification for submitted purchases,,,Unaffected,Passing,,,
241,PMU,Logistics Request Control Panel : Purchase Order Control Panel,Automated generation of purchase order purchases in store,,,Unaffected,Passing,,,
242,PMU,Logistics Request Control Panel : Purchase Order Control Panel,Automated generation of purchase order voucher in vouchers,,,Unaffected,Passing,,,
243,PMU,Logistics Request Control Panel : Comparative Statement Control Panel,Add supplier offer,,,Unaffected,Passing,,,
244,PMU,Logistics Request Control Panel : Comparative Statement Control Panel,View all supplier offers,,,Unaffected,Passing,,,
245,PMU,Logistics Request Control Panel : Comparative Statement Control Panel,Edit a supplier offer,,,Unaffected,Passing,,,
246,PMU,Logistics Request Control Panel : Comparative Statement Control Panel,Delete a supplier offer,,,Unaffected,Passing,,,
247,PMU,Logistics Request Control Panel : Comparative Statement Control Panel,Submit (comparative) statement,,,Unaffected,Passing,,,
248,PMU,Logistics Request Control Panel : Comparative Statement Control Panel,View submitted comparative statement,,,Unaffected,Passing,,,
249,PMU,Logistics Request Control Panel : Comparative Statement Control Panel,Approve comparative statement,,,Unaffected,Passing,,,
250,PMU,Logistics Request Control Panel : Comparative Statement Control Panel,Reject comparative statement,,,Unaffected,Passing,,,
251,PMU,Logistics Request Control Panel : Tender Control Panel,Add new tender proposal document,,,Unaffected,Passing,,,
252,PMU,Logistics Request Control Panel : Tender Control Panel,View all tender proposal documents,,,Unaffected,Passing,,,
253,PMU,Logistics Request Control Panel : Tender Control Panel,Delete a tender proposal document,,,Unaffected,Passing,,,
254,PMU,Logistics Request Control Panel : Tender Control Panel,Submit a bid,,,Unaffected,Passing,,,
255,PMU,Logistics Request Control Panel : Tender Control Panel,View all bids,,,Unaffected,Passing,,,
256,PMU,Logistics Request Control Panel : Tender Control Panel,Edit a bid,,,Unaffected,Passing,,,
257,PMU,Logistics Request Control Panel : Tender Control Panel,Delete a bid,,,Unaffected,Passing,,,
258,PMU,Logistics Request Control Panel : Tender Control Panel,Provide a bid selection,,,Unaffected,Passing,,,
259,PMU,Projects Control Panel : My Projects Tab,Search vouchers,,,Unaffected,Passing,,,
260,PMU,Projects Control Panel : My Projects Tab,Add Projects,,,Unaffected,Passing,,,
261,PMU,Projects Control Panel : My Projects Tab,View All Projects,,,Unaffected,Passing,,,
262,PMU,Projects Control Panel : My Projects Tab,Edit Projects,,,Unaffected,Passing,,,
263,PMU,Projects Control Panel : Donors Tab,Add Donors,,,Unaffected,Passing,,,
264,PMU,Projects Control Panel : Donors Tab,Edit Donors,,,Unaffected,Passing,,,
265,PMU,Projects Control Panel : Donors Tab,View All Donors,,,Unaffected,Passing,,,
266,PMU,Project Details Control Panel : Details Tab,Review Project,,,Unaffected,Passing,,,
267,PMU,Project Details Control Panel : Details Tab,Finalize Project,,,Unaffected,Passing,,,
268,PMU,Project Details Control Panel : Details Tab,Edit Advance Project Details,,,Unaffected,Passing,,Enhancement #227 is implemented. Bug#399 is fixed,
269,PMU,Project Details Control Panel : Details Tab,View Advance Project Details,,,Unaffected,Passing,,,
270,PMU,Project Details Control Panel : Details Tab,Create PDF export for the project advance details,,,Unaffected,Passing,,,
271,PMU,Project Details Control Panel : Criteria Evaluation Tab,Edit criteria evaluation,,,Unaffected,Passing,,,
272,PMU,Project Details Control Panel : Criteria Evaluation Tab,View criteria evaluation,,,Unaffected,Passing,,,
273,PMU,Project Details Control Panel : Criteria Evaluation Tab,Create PDF export for the criteria evaluation,,,Unaffected,Passing,,,
274,PMU,Project Details Control Panel : Proposal Tab,Upload documents to proposal,,,Affected,Passing,,Enhancement #226 and #367 are done,
275,PMU,Project Details Control Panel : Proposal Tab,Set metadata information for proposal,,,Affected,Passing,,,
276,PMU,Project Details Control Panel : Proposal Tab,Download proposal documents,,,Affected,Passing,,,
277,PMU,Project Details Control Panel : Proposal Tab,Submit proposal,,,Unaffected,Passing,,,
278,PMU,Project Details Control Panel : Project Jobs Tab,Add project jobs,,,Unaffected,Passing,,,
279,PMU,Project Details Control Panel : Project Jobs Tab,View all project jobs,,,Unaffected,Passing,,,
280,PMU,Project Details Control Panel : Project Jobs Tab,Delete project jobs if it is not selected for budget line,,,Unaffected,Passing,,,
281,PMU,Project Details Control Panel : Project Jobs Tab,Edit project jobs,,,Unaffected,Passing,,,
282,PMU,Project Details Control Panel : Budget Lines Tab,Download sample format of import excel,,,Unaffected,Passing,,,
283,PMU,Project Details Control Panel : Budget Lines Tab,Import budget lines in excel format,,,Unaffected,Passing,,,
284,PMU,Project Details Control Panel : Budget Lines Tab,View sample data enteries for excel format,,,Unaffected,Passing,,,
285,PMU,Project Details Control Panel : Budget Lines Tab,Add buget lines,,,Unaffected,Passing,,,
286,PMU,Project Details Control Panel : Budget Lines Tab,Edit budget lines,,,Unaffected,Passing,,,
287,PMU,Project Details Control Panel : Budget Lines Tab,View all budget lines,,,Unaffected,Passing,,,
288,PMU,Project Details Control Panel : Project Activities Tab,Create PDF export for project activities,,,Unaffected,Passing,,,
289,PMU,Project Details Control Panel : Project Activities Tab,View project activities summary,,,Unaffected,Passing,,,
290,PMU,Project Details Control Panel : Project Activities Tab,Add project activities,,,Unaffected,Passing,,,
291,PMU,Project Details Control Panel : Project Activities Tab,View project activities,,,Unaffected,Passing,,,
292,PMU,Project Details Control Panel : Project Activities Tab,Edit project activities,,,Unaffected,Passing,,,
293,PMU,Project Details Control Panel : People Tab,Add opportunity control,,,Unaffected,Passing,,,
294,PMU,Project Details Control Panel : People Tab,Edit opportunity control,,,Unaffected,Passing,,,
295,PMU,Project Details Control Panel : People Tab,Delete oppurtunity control,,,Unaffected,Passing,,,
296,PMU,Project Details Control Panel : People Tab,View all oppurtunity control,,,Unaffected,Passing,,,
297,PMU,Project Details Control Panel : People Tab,Add logistics control,,,Unaffected,Passing,,,
298,PMU,Project Details Control Panel : People Tab,Edit logistics control,,,Unaffected,Passing,,,
299,PMU,Project Details Control Panel : People Tab,Delete logistics control,,,Unaffected,Passing,,,
300,PMU,Project Details Control Panel : People Tab,View all logistics control,,,Unaffected,Passing,,,
301,PMU,Project Details Control Panel : People Tab,Add activities control,,,Unaffected,Passing,,,
302,PMU,Project Details Control Panel : People Tab,Edit activities control,,,Unaffected,Passing,,,
303,PMU,Project Details Control Panel : People Tab,Delete activities control,,,Unaffected,Passing,,,
304,PMU,Project Details Control Panel : People Tab,View all activities control,,,Unaffected,Passing,,,
305,PMU,Project Details Control Panel : People Tab,Add hiring control,,,Unaffected,Passing,,,
306,PMU,Project Details Control Panel : People Tab,Edit hiring control,,,Unaffected,Passing,,,
307,PMU,Project Details Control Panel : People Tab,Delete hiring control,,,Unaffected,Passing,,,
308,PMU,Project Details Control Panel : People Tab,View all hiring control,,,Unaffected,Passing,,,
309,PMU,Project Details Control Panel : Projects Indicator Tab,Add projects indicators,,,Unaffected,Passing,,,
310,PMU,Project Details Control Panel : Projects Indicator Tab,View all projects indicators,,,Unaffected,Passing,,,
311,PMU,Project Details Control Panel : Projects Indicator Tab,Delete project inicators,,,Unaffected,Passing,,,
312,PMU,Project Details Control Panel : Projects Indicator Tab,Edit project indicators,,,Unaffected,Passing,,,
313,Store,Configuration Panel : General,Add unit types,,,Unaffected,Passing,,,
314,Store,Configuration Panel : General,Edit unit types,,,Unaffected,Passing,,,
315,Store,Configuration Panel : General,View all unit types,,,Unaffected,Passing,,,
316,Store,Configuration Panel : General,Add organization source codes,,,Unaffected,Passing,,,
317,Store,Configuration Panel : General,Edit organization source codes,,,Unaffected,Passing,,,
318,Store,Configuration Panel : General,View organization source codes,,,Unaffected,Passing,,,
319,Store,Configuration Panel : General,Add supplier source codes,,,Unaffected,Passing,,,
320,Store,Configuration Panel : General,Edit supplier source codes,,,Unaffected,Passing,,,
321,Store,Configuration Panel : General,Delete supplier source codes,,,Unaffected,Passing,,,
322,Store,Configuration Panel : General,Add repair shop source codes,,,Unaffected,Passing,,,
323,Store,Configuration Panel : General,Edit repair shop source codes,,,Unaffected,Passing,,,
324,Store,Configuration Panel : General,Delete repair shop source codes,,,Unaffected,Passing,,,
325,Store,Configuration Panel : General,Add individual/other source codes,,,Unaffected,Passing,,,
326,Store,Configuration Panel : General,Edit individual/other source codes,,,Unaffected,Passing,,,
327,Store,Configuration Panel : General,View individual/other source codes,,,Unaffected,Passing,,,
328,Store,Configuration Panel : Consumables,Add master inventories,,,Unaffected,Passing,,,
329,Store,Configuration Panel : Consumables,Edit master inventories,,,Unaffected,Passing,,,
330,Store,Configuration Panel : Consumables,View all master inventories,,,Unaffected,Passing,,,
331,Store,Configuration Panel : Consumables,Add item category,,,Unaffected,Passing,,,
332,Store,Configuration Panel : Consumables,Edit item category,,,Unaffected,Passing,,,
333,Store,Configuration Panel : Consumables,View all item category,,,Unaffected,Passing,,,
334,Store,Configuration Panel : Consumables,Add item,,,Unaffected,Passing,,,
335,Store,Configuration Panel : Consumables,Edit item,,,Unaffected,Passing,,,
336,Store,Configuration Panel : Consumables,View all item,,,Unaffected,Passing,,,
337,Store,Configuration Panel : Expendables,Add master inventories,,,Unaffected,Passing,,,
338,Store,Configuration Panel : Expendables,Edit master inventories,,,Unaffected,Passing,,,
339,Store,Configuration Panel : Expendables,View all master inventories,,,Unaffected,Passing,,,
340,Store,Configuration Panel : Expendables,Add item category,,,Unaffected,Passing,,,
341,Store,Configuration Panel : Expendables,Edit item category,,,Unaffected,Passing,,,
342,Store,Configuration Panel : Expendables,View all item category,,,Unaffected,Passing,,,
343,Store,Configuration Panel : Expendables,Add item,,,Unaffected,Passing,,,
344,Store,Configuration Panel : Expendables,Edit item,,,Unaffected,Passing,,,
345,Store,Configuration Panel : Expendables,View all item,,,Unaffected,Passing,,,
346,Store,Configuration Panel : Non Expendables,Add master inventories,,,Unaffected,Passing,,,
347,Store,Configuration Panel : Non Expendables,Edit master inventories,,,Unaffected,Passing,,,
348,Store,Configuration Panel : Non Expendables,View all master inventories,,,Unaffected,Passing,,,
349,Store,Configuration Panel : Non Expendables,Add item category,,,Unaffected,Passing,,,
350,Store,Configuration Panel : Non Expendables,Edit item category,,,Unaffected,Passing,,,
351,Store,Configuration Panel : Non Expendables,View all item category,,,Unaffected,Passing,,,
352,Store,Configuration Panel : Non Expendables,Add item,,,Unaffected,Passing,,,
353,Store,Configuration Panel : Non Expendables,Edit item,,,Unaffected,Passing,,,
354,Store,Configuration Panel : Non Expendables,View all item,,,Unaffected,Passing,,,
355,Store,Purchase Control Panel,Configure fields for displaying,,,Unaffected,Passing,,,
356,Store,Purchase Control Panel,Filter purchases,,,Unaffected,Passing,,,
357,Store,Purchase Control Panel,Advance filter purchases,,,Unaffected,Passing,,,
358,Store,Purchase Control Panel,Create pdf export for purchases,,,Unaffected,Passing,,,
359,Store,Purchase Control Panel,Set display currency,,,Unaffected,Passing,,,
360,Store,Purchase Control Panel,Add purchase,,,Unaffected,Passing,,Enhancement #181 was requested but much more clarity is needed. Will be scheduled in release once clarity is there.,
361,Store,Purchase Control Panel,View all purchases,,,Unaffected,Passing,,,
362,Store,Purchase Control Panel,Add procurement,,,Unaffected,Passing,,,
363,Store,Purchase Control Panel,View Procurment,,,Unaffected,Passing,,Bug#393 is fixed,
364,Store,Purchase Control Panel,Add purchase details,,,Unaffected,Passing,,,
365,Store,Purchase Control Panel,View Purchase details,,,Unaffected,Passing,,,
366,Store,Purchase Control Panel,Add purchase documents,,,Unaffected,Passing,,,
367,Store,Purchase Control Panel,Edit Purchase,,,Unaffected,Passing,,,
368,Store,Purchase Control Panel,Delete purchase documents,,,Unaffected,Passing,,,
369,Store,Purchase Control Panel,Download purchase documents,,,Unaffected,Passing,,,
370,Store,Purchase Control Panel,Edit procurement,,,Unaffected,Passing,,,
371,Store,Purchase Control Panel,Delete procurement,,,Unaffected,Passing,,,
372,Store,Procurement Control Panel,Add procurement details,,,Unaffected,Passing,,,
373,Store,Procurement Control Panel,View all procurement details,,,Unaffected,Passing,,Enhancement #181 was requested but much more clarity is needed. Will be scheduled in release once clarity is there.,
374,Store,Procurement Control Panel,Add return details,,,Unaffected,Passing,,,
375,Store,Procurement Control Panel,View return details,,,Unaffected,Passing,,,
376,Store,Transport Tracker Control Panel,Filter purchases,,,Unaffected,Passing,,,
377,Store,Transport Tracker Control Panel,Advance filter purchases,,,Unaffected,Passing,,,
378,Store,Transport Tracker Control Panel,Set display currency,,,Unaffected,Passing,,,
379,Store,Transport Tracker Control Panel,Add mileage,,,Unaffected,Passing,,,
380,Store,Transport Tracker Control Panel : Vehicle Details,Add mileage,,,Unaffected,Passing,,,
381,Store,Transport Tracker Control Panel : Vehicle Details,Edit Vehicle details,,,Unaffected,Passing,,,
382,Store,Transport Tracker Control Panel : Vehicle Details,View mileage,,,Unaffected,Passing,,,
383,Store,Transport Tracker Control Panel : Vehicle Details,View monthly breakdown,,,Unaffected,Passing,,,
384,Store,Transport Tracker Control Panel : Vehicle Details,View Logs,,,Unaffected,Passing,,,
385,Store,Generator Tracker Control Panel,Filter purchases,,,Unaffected,Passing,,,
386,Store,Generator Tracker Control Panel,Advance filter purchases,,,Unaffected,Passing,,,
387,Store,Generator Tracker Control Panel,Set display currency,,,Unaffected,Passing,,,
388,Store,Generator Tracker Control Panel,Add hours,,,Unaffected,Passing,,,
389,Store,Generator Tracker Control Panel : Generator Details,Add hours,,,Unaffected,Passing,,,
390,Store,Generator Tracker Control Panel : Generator Details,Edit Generator details,,,Unaffected,Passing,,,
391,Store,Generator Tracker Control Panel : Generator Details,View hours,,,Unaffected,Passing,,,
392,Store,Generator Tracker Control Panel : Generator Details,View monthly breakdown,,,Unaffected,Passing,,,
393,Store,Generator Tracker Control Panel : Generator Details,View Logs,,,Unaffected,Passing,,,
394,Finance,Vouchers Control Panel,Search and find vouchers,view:vouchers,"Sysadmin, Finance Control Officer/Manager, Finance Clerk, Finance Guest",Affected,Passing,,Proposal #368 Pending However works are already scheduled to be by 11th of February,
395,Finance,Vouchers Control Panel,Add vouchers,add:voucher,"Sysadmin, Finance Control Officer/Manager, Finance Clerk",Affected,Passing,,Proposal #368 Pending However works are already scheduled to be by 11th of February,
396,Finance,Vouchers Control Panel,View all vouchers,view:vouchers,"Sysadmin, Finance Control Officer/Manager, Finance Clerk, Finance Guest",Affected,Passing,,Proposal #368 Pending However works are already scheduled to be by 11th of February,
397,Finance,Vouchers Control Panel : Voucher Details,Validate/Invalidate voucher,validate:voucher,"Sysadmin, Finance Control Officer/Manager",Affected,Passing,,Proposal #368 Pending However works are already scheduled to be by 11th of February,
398,Finance,Vouchers Control Panel : Voucher Details,Edit vocher details,manage:voucher,"Sysadmin, Finance Control Officer/Manager, Finance Clerk",Affected,Passing,,Proposal #368 Pending However works are already scheduled to be by 11th of February. Bug #408 is fixed.,
399,Finance,Vouchers Control Panel : Voucher Details,View voucher details,view:vouchers,"Sysadmin, Finance Control Officer/Manager, Finance Clerk, Finance Guest",Affected,Passing,,Proposal #368 Pending However works are already scheduled to be by 11th of February,
400,Finance,Vouchers Control Panel : Voucher Details,Upload documents,manage:voucher,"Sysadmin, Finance Control Officer/Manager, Finance Clerk",Affected,Passing,,Proposal #368 Pending However works are already scheduled to be by 11th of February,
401,Finance,Vouchers Control Panel : Voucher Details,View documents,view:voucher,"Sysadmin, Finance Control Officer/Manager, Finance Clerk, Finance Guest",Affected,Passing,,Proposal #368 Pending However works are already scheduled to be by 11th of February,
402,Finance,Vouchers Control Panel : Voucher Details,Download documents,view:voucher,"Sysadmin, Finance Control Officer/Manager, Finance Clerk, Finance Guest",Affected,Passing,,Proposal #368 Pending However works are already scheduled to be by 11th of February,
403,Finance,Vouchers Control Panel : Voucher Details,Add transactions,manage:voucher,"Sysadmin, Finance Control Officer/Manager, Finance Clerk",Affected,Passing,,Proposal #368 Pending However works are already scheduled to be by 11th of February. Bug #404 is fixed.,
404,Finance,Vouchers Control Panel : Voucher Details,Edit transactions,manage:voucher,"Sysadmin, Finance Control Officer/Manager, Finance Clerk",Affected,Passing,,Proposal #368 Pending However works are already scheduled to be by 11th of February,
405,Finance,Vouchers Control Panel : Voucher Details,View all transaction,view:vouchers,"Sysadmin, Finance Control Officer/Manager, Finance Clerk, Finance Guest",Affected,Passing,,Proposal #368 Pending However works are already scheduled to be by 11th of February,
406,Finance,Vouchers Control Panel : Voucher Details,Delete transactions,manage:voucher,"Sysadmin, Finance Control Officer/Manager, Finance Clerk",Affected,Passing,,Proposal #368 Pending However works are already scheduled to be by 11th of February,
407,Finance,Vouchers Control Panel : Voucher Details,Create PDF export for the voucher,view:voucher,"Sysadmin, Finance Control Officer/Manager, Finance Clerk, Finance Guest",Affected,Passing,,,
409,Finance,Chart of Accounts Control Panel : Asset Tab,Add main category,,,Unaffected,Passing,,,
410,Finance,Chart of Accounts Control Panel : Asset Tab,Edit main category,,,Unaffected,Passing,,,
411,Finance,Chart of Accounts Control Panel : Asset Tab,View main category,,,Unaffected,Passing,,,
412,Finance,Chart of Accounts Control Panel : Asset Tab,Delete main category,,,Unaffected,Passing,,,
413,Finance,Chart of Accounts Control Panel : Asset Tab,Add sub level accounts,,,Unaffected,Passing,,,
414,Finance,Chart of Accounts Control Panel : Asset Tab,Edit sub level accounts,,,Unaffected,Passing,,,
415,Finance,Chart of Accounts Control Panel : Asset Tab,View sub level accounts,,,Unaffected,Passing,,,
416,Finance,Chart of Accounts Control Panel : Asset Tab,Delete sub level accounts,,,Unaffected,Passing,,,
417,Finance,Chart of Accounts Control Panel : Asset Tab,Add input level accounts,,,Unaffected,Passing,,,
418,Finance,Chart of Accounts Control Panel : Asset Tab,Edit input level accounts,,,Unaffected,Passing,,,
419,Finance,Chart of Accounts Control Panel : Asset Tab,View input level accounts,,,Unaffected,Passing,,,
420,Finance,Chart of Accounts Control Panel : Asset Tab,Delete input level accounts,,,Unaffected,Passing,,,
421,Finance,Chart of Accounts Control Panel : Liabilities Tab,Create PDF export for Liabilities codes,,,Unaffected,Passing,,,
422,Finance,Chart of Accounts Control Panel : Liabilities Tab,Add main category,,,Unaffected,Passing,,,
423,Finance,Chart of Accounts Control Panel : Liabilities Tab,Edit main category,,,Unaffected,Passing,,,
424,Finance,Chart of Accounts Control Panel : Liabilities Tab,View main category,,,Unaffected,Passing,,,
425,Finance,Chart of Accounts Control Panel : Liabilities Tab,Delete main category,,,Unaffected,Passing,,,
426,Finance,Chart of Accounts Control Panel : Liabilities Tab,Add sub level accounts,,,Unaffected,Passing,,,
427,Finance,Chart of Accounts Control Panel : Liabilities Tab,Edit sub level accounts,,,Unaffected,Passing,,,
428,Finance,Chart of Accounts Control Panel : Liabilities Tab,View sub level accounts,,,Unaffected,Passing,,,
429,Finance,Chart of Accounts Control Panel : Liabilities Tab,Delete sub level accounts,,,Unaffected,Passing,,,
430,Finance,Chart of Accounts Control Panel : Liabilities Tab,Add input level accounts,,,Unaffected,Passing,,,
431,Finance,Chart of Accounts Control Panel : Liabilities Tab,Edit input level accounts,,,Unaffected,Passing,,,
432,Finance,Chart of Accounts Control Panel : Liabilities Tab,View input level accounts,,,Unaffected,Passing,,,
433,Finance,Chart of Accounts Control Panel : Liabilities Tab,Delete input level accounts,,,Unaffected,Passing,,,
434,Finance,Chart of Accounts Control Panel : Income Tab,Create PDF export for Income codes,,,Unaffected,Passing,,,
435,Finance,Chart of Accounts Control Panel : Income Tab,Add main category,,,Unaffected,Passing,,,
436,Finance,Chart of Accounts Control Panel : Income Tab,Edit main category,,,Unaffected,Passing,,,
437,Finance,Chart of Accounts Control Panel : Income Tab,View main category,,,Unaffected,Passing,,,
438,Finance,Chart of Accounts Control Panel : Income Tab,Delete main category,,,Unaffected,Passing,,,
439,Finance,Chart of Accounts Control Panel : Income Tab,Add sub level accounts,,,Unaffected,Passing,,,
440,Finance,Chart of Accounts Control Panel : Income Tab,Edit sub level accounts,,,Unaffected,Passing,,,
441,Finance,Chart of Accounts Control Panel : Income Tab,View sub level accounts,,,Unaffected,Passing,,,
442,Finance,Chart of Accounts Control Panel : Income Tab,Delete sub level accounts,,,Unaffected,Passing,,,
443,Finance,Chart of Accounts Control Panel : Income Tab,Add input level accounts,,,Unaffected,Passing,,,
444,Finance,Chart of Accounts Control Panel : Income Tab,Edit input level accounts,,,Unaffected,Passing,,,
445,Finance,Chart of Accounts Control Panel : Income Tab,View input level accounts,,,Unaffected,Passing,,,
446,Finance,Chart of Accounts Control Panel : Income Tab,Delete input level accounts,,,Unaffected,Passing,,,
447,Finance,Chart of Accounts Control Panel : Expense Tab,Create PDF export for Expense codes,,,Unaffected,Passing,,,
448,Finance,Chart of Accounts Control Panel : Expense Tab,Add main category,,,Unaffected,Passing,,,
449,Finance,Chart of Accounts Control Panel : Expense Tab,Edit main category,,,Unaffected,Passing,,,
450,Finance,Chart of Accounts Control Panel : Expense Tab,View main category,,,Unaffected,Passing,,,
451,Finance,Chart of Accounts Control Panel : Expense Tab,Delete main category,,,Unaffected,Passing,,,
452,Finance,Chart of Accounts Control Panel : Expense Tab,Add sub level accounts,,,Unaffected,Passing,,,
453,Finance,Chart of Accounts Control Panel : Expense Tab,Edit sub level accounts,,,Unaffected,Passing,,,
454,Finance,Chart of Accounts Control Panel : Expense Tab,View sub level accounts,,,Unaffected,Passing,,,
455,Finance,Chart of Accounts Control Panel : Expense Tab,Delete sub level accounts,,,Unaffected,Passing,,,
456,Finance,Chart of Accounts Control Panel : Expense Tab,Add input level accounts,,,Unaffected,Passing,,,
457,Finance,Chart of Accounts Control Panel : Expense Tab,Edit input level accounts,,,Unaffected,Passing,,,
458,Finance,Chart of Accounts Control Panel : Expense Tab,View input level accounts,,,Unaffected,Passing,,,
459,Finance,Chart of Accounts Control Panel : Expense Tab,Delete input level accounts,,,Unaffected,Passing,,,
460,Finance,Financial Report Control Panel : Balance Sheet Tab,Filter balance Sheet,,,Unaffected,Passing,,,
461,Finance,Financial Report Control Panel : Balance Sheet Tab,View report,,,Unaffected,Passing,,,
462,Finance,Financial Report Control Panel : Balance Sheet Tab,Download report,,,Unaffected,Passing,,,
463,Finance,Financial Report Control Panel : Balance Sheet Tab,Add assets,,,Unaffected,Passing,,,
464,Finance,Financial Report Control Panel : Balance Sheet Tab,Edit assets,,,Unaffected,Passing,,,
465,Finance,Financial Report Control Panel : Balance Sheet Tab,View liabilites,,,Unaffected,Passing,,,
466,Finance,Financial Report Control Panel : Balance Sheet Tab,Add liabilities,,,Unaffected,Passing,,,
467,Finance,Financial Report Control Panel : Balance Sheet Tab,Edit liabilities,,,Unaffected,Passing,,,
468,Finance,Financial Report Control Panel : Balance Sheet Tab,View liabilites,,,Unaffected,Passing,,,
469,Finance,Financial Report Control Panel : Income Expense Report Tab,Filter Income Expense Report,,,Unaffected,Passing,,,
470,Finance,Financial Report Control Panel : Income Expense Report Tab,View report,,,Unaffected,Passing,,,
471,Finance,Financial Report Control Panel : Income Expense Report Tab,View note in the report,,,Unaffected,Passing,,,
472,Finance,Financial Report Control Panel : Income Expense Report Tab,Download report,,,Unaffected,Passing,,,
473,Finance,Financial Report Control Panel : Income Expense Report Tab,Add assets,,,Unaffected,Passing,,,
474,Finance,Financial Report Control Panel : Income Expense Report Tab,Edit assets,,,Unaffected,Passing,,,
475,Finance,Financial Report Control Panel : Income Expense Report Tab,View liabilites,,,Unaffected,Passing,,,
476,Finance,Financial Report Control Panel : Income Expense Report Tab,Add liabilities,,,Unaffected,Passing,,,
477,Finance,Financial Report Control Panel : Income Expense Report Tab,Edit liabilities,,,Unaffected,Passing,,,
478,Finance,Financial Report Control Panel : Income Expense Report Tab,View liabilites,,,Unaffected,Passing,,,
479,Finance,Gain/Loss Report Control Panel,Configure settings,,,Unaffected,Passing,,,
480,Finance,Gain/Loss Report Control Panel,Select accounts,,,Unaffected,Passing,,,
481,Finance,Gain/Loss Report Control Panel,View gain report,,,Unaffected,Passing,,,
482,Finance,Gain/Loss Report Control Panel,Create voucher for the gain report,,,Unaffected,Passing,,"Enhancement #160 has been requested, however the requested enhancement has some conflicting implications on balance sheet. Needs to be cleared up before taking further action",
483,Finance,Gain/Loss Report Control Panel,Apply filters,,,Unaffected,Passing,,,
484,Finance,Exchange Rates Control Panel,Add exchange rate,,,Unaffected,Passing,,,
485,Finance,Exchange Rates Control Panel,Edit exchange rate,,,Unaffected,Passing,,,
486,Finance,Exchange Rates Control Panel,Delete pending exchange rate,,,Unaffected,Passing,,,
487,Finance,Exchange Rates Control Panel,View all exchange rates,,,Unaffected,Passing,,,
488,Finance,Exchange Rates Control Panel,Apply filters,,,Unaffected,Passing,,,
489,Finance,Exchange Rates Control Panel : Exchange rate details,Verify exchange rates,,,Unaffected,Passing,,,
490,Finance,Exchange Rates Control Panel : Exchange rate details,Copy and save exchange rate for all offices,,,Unaffected,Passing,,,
491,Finance,Journal Control Panel,Apply filters,,,Unaffected,Passing,,Enhancement #130 has been approved but it depends on few more functionality to be and implemented before we can do this.,
492,Finance,Journal Control Panel,View journal report,,,Unaffected,Passing,,,
493,Finance,Journal Control Panel,Create excel export for the journal,,,Unaffected,Passing,,,
494,Finance,Journal Control Panel,Create PDF export for the journal report,,,Unaffected,Passing,,,
495,Finance,Journal Control Panel,Create PDF export for the summary report,,,Unaffected,Passing,,,
496,Finance,Journal Control Panel,Create PDF export for the ledger report,,,Unaffected,Passing,,,
497,Finance,Journal Control Panel,Create PDF export for the trial report,,,Unaffected,Passing,,,
498,Finance,Ledger Control Panel,Apply filters,,,Unaffected,Passing,,,
499,Finance,Ledger Control Panel,View Ledger report,,,Unaffected,Passing,,,
500,Finance,Ledger Control Panel,Create PDF export for the Ledger report,,,Unaffected,Passing,,,
501,Finance,Trial Balance Control Panel,Apply filters,,,Unaffected,Passing,,,
502,Finance,Trial Balance Control Panel,View Trial Balance report,,,Unaffected,Passing,,,
503,Finance,Trial Balance Control Panel,Create PDF export for the Trial Balance report,,,Unaffected,Passing,,,
504,Finance,Journal Codes Configuration Panel,Add journal codes,,,Unaffected,Passing,,,
505,Finance,Journal Codes Configuration Panel,Edit journal codes,,,Unaffected,Passing,,,
506,Finance,Journal Codes Configuration Panel,View all journal codes,,,Unaffected,Passing,,,
507,Finance,Currency Configuration Panel,Add currency,,,Unaffected,Passing,,,
508,Finance,Currency Configuration Panel,Edit currecy,,,Unaffected,Passing,,,
509,Finance,Currency Configuration Panel,View all currency,,,Unaffected,Passing,,,
510,Finance,Financial Year Configuration Panel,Add financial year,,,Unaffected,Passing,,,
511,Finance,Financial Year Configuration Panel,Edit financial year,,,Unaffected,Passing,,,
512,Finance,Financial Year Configuration Panel,View all financial year,,,Unaffected,Passing,,,
513,Finance,Pension Rate Configuration Panel,Add pension rate,,,Unaffected,Passing,,,
514,Finance,Pension Rate Configuration Panel,Edit pension rate,,,Unaffected,Passing,,,
515,Finance,Pension Rate Configuration Panel,View all pension rate,,,Unaffected,Passing,,,
516,Users,Users Control Panel,Search Users,,,Affected,Passing,,Bug#372 is fixed.,